nid1,nid2,walk distance (m)
s303001,s303002,0
s303001,s303005,1360
s303001,s303024,838
s303001,s303025,838
s303001,s303028,1117
s303001,s303038,677
s303001,s303042,366
s303001,s303069,899
s303001,s303070,899
s303001,s303071,551
s303001,s303074,579
s303001,s303083,810
s303001,s304005,1306
s303001,s304010,1785
s303001,s304011,1785
s303001,s304019,1806
s303001,s304031,2121
s303001,s305004,2708
s303001,s305011,2709
s303001,s305072,2737
s303001,s305070,2781
s303001,s305073,2781
s303001,s305029,2655
s303001,s305076,2700
s303001,s305036,2700
s303001,s305042,2502
s303001,s305046,1865
s303001,s305047,1865
s303001,s308005,5549
s303001,s308017,5940
s303001,s308020,5652
s303001,s308028,5294
s303001,s308032,5063
s303001,s308034,5390
s303001,s309012,6583
s303001,s309017,6296
s303001,s309018,6296
s303001,s309019,6392
s303001,s309029,5966
s303001,s309036,6629
s303001,s309045,6240
s303001,s310005,3270
s303001,s310009,4240
s303001,s310021,3360
s303001,s310029,3183
s303001,s310032,3238
s303002,s303005,1360
s303002,s303024,838
s303002,s303025,838
s303002,s303028,1117
s303002,s303038,677
s303002,s303042,366
s303002,s303069,899
s303002,s303070,899
s303002,s303071,551
s303002,s303074,579
s303002,s303083,810
s303002,s304005,1306
s303002,s304010,1785
s303002,s304011,1785
s303002,s304019,1806
s303002,s304031,2121
s303002,s305004,2708
s303002,s305011,2709
s303002,s305072,2737
s303002,s305070,2781
s303002,s305073,2781
s303002,s305029,2655
s303002,s305076,2700
s303002,s305036,2700
s303002,s305042,2502
s303002,s305046,1865
s303002,s305047,1865
s303002,s308005,5549
s303002,s308017,5940
s303002,s308020,5652
s303002,s308028,5294
s303002,s308032,5063
s303002,s308034,5390
s303002,s309012,6583
s303002,s309017,6296
s303002,s309018,6296
s303002,s309019,6392
s303002,s309029,5966
s303002,s309036,6629
s303002,s309045,6240
s303002,s310005,3270
s303002,s310009,4240
s303002,s310021,3360
s303002,s310029,3183
s303002,s310032,3238
s303005,s303025,983
s303005,s303028,1219
s303005,s303038,1200
s303005,s303042,1407
s303005,s303069,484
s303005,s303070,484
s303005,s303071,1074
s303005,s303074,1102
s303005,s303083,886
s303005,s304005,1407
s303005,s304019,790
s303005,s304031,1105
s303005,s305004,2642
s303005,s305011,2643
s303005,s305029,2589
s303005,s305042,2436
s303005,s308005,5838
s303005,s308017,6229
s303005,s308020,5941
s303005,s308028,5583
s303005,s308032,5352
s303005,s308034,5679
s303005,s309012,7498
s303005,s309017,7211
s303005,s309018,7211
s303005,s309019,7307
s303005,s309029,6854
s303005,s309036,7544
s303005,s309045,7138
s303005,s310005,2254
s303005,s310009,3224
s303005,s310021,2344
s303016,s303001,1206
s303016,s303002,1206
s303016,s303005,155
s303016,s303024,829
s303016,s303025,829
s303016,s303028,1065
s303016,s303038,1046
s303016,s303042,1253
s303016,s303069,330
s303016,s303070,330
s303016,s303071,920
s303016,s303074,948
s303016,s303083,732
s303016,s304005,1253
s303016,s304009,722
s303016,s304010,615
s303016,s304011,615
s303016,s304053,671
s303016,s304046,1020
s303016,s304018,1020
s303016,s304019,636
s303016,s304023,934
s303016,s304026,962
s303016,s304027,962
s303016,s304031,951
s303016,s305004,2488
s303016,s305011,2489
s303016,s305072,2517
s303016,s305070,2561
s303016,s305073,2561
s303016,s305029,2435
s303016,s305076,2480
s303016,s305036,2480
s303016,s305042,2282
s303016,s305046,1812
s303016,s305047,1812
s303016,s308005,5684
s303016,s308017,6075
s303016,s308020,5787
s303016,s308025,5541
s303016,s308028,5429
s303016,s308032,5198
s303016,s308034,5525
s303016,s309012,7344
s303016,s309017,7057
s303016,s309018,7057
s303016,s309019,7153
s303016,s309029,6700
s303016,s309036,7390
s303016,s309045,6984
s303016,s310005,2100
s303016,s310009,3070
s303016,s310021,2190
s303016,s310029,2013
s303016,s310032,2068
s303024,s303005,983
s303024,s303025,0
s303024,s303028,901
s303024,s303038,678
s303024,s303042,860
s303024,s303069,521
s303024,s303070,521
s303024,s303071,552
s303024,s303074,580
s303024,s303083,407
s303024,s304005,1090
s303024,s304010,1407
s303024,s304011,1407
s303024,s304019,1428
s303024,s304031,1743
s303024,s305004,2343
s303024,s305011,2344
s303024,s305070,2416
s303024,s305073,2416
s303024,s305029,2290
s303024,s305042,2137
s303024,s305046,1649
s303024,s305047,1649
s303024,s308005,5034
s303024,s308017,5425
s303024,s308020,5137
s303024,s308028,4779
s303024,s308032,4548
s303024,s308034,4875
s303024,s309012,6694
s303024,s309017,6407
s303024,s309018,6407
s303024,s309019,6503
s303024,s309029,6050
s303024,s309036,6740
s303024,s309045,6334
s303024,s310005,2893
s303024,s310009,3863
s303024,s310021,2983
s303024,s310029,2806
s303024,s310032,2861
s303025,s303028,901
s303025,s303069,521
s303025,s303070,521
s303025,s304005,1090
s303025,s304019,1428
s303025,s308005,5034
s303025,s308017,5425
s303025,s308020,5137
s303025,s308028,4779
s303025,s308032,4548
s303025,s308034,4875
s303025,s309036,6740
s303025,s310009,3863
s303028,s303069,758
s303028,s303070,758
s303028,s304005,240
s303028,s304019,1665
s303028,s308005,5756
s303028,s308017,6147
s303028,s308020,5859
s303028,s308028,5501
s303028,s308032,5270
s303028,s308034,5597
s303028,s309036,7462
s303028,s310009,3843
s303038,s303025,678
s303038,s303028,957
s303038,s303069,739
s303038,s303070,739
s303038,s303083,650
s303038,s304005,1146
s303038,s304019,1646
s303038,s304031,1961
s303038,s305004,2548
s303038,s305011,2549
s303038,s305029,2495
s303038,s305042,2342
s303038,s308005,5533
s303038,s308017,5924
s303038,s308020,5636
s303038,s308028,5278
s303038,s308032,5047
s303038,s308034,5374
s303038,s309036,7239
s303038,s310005,3110
s303038,s310009,4080
s303038,s310021,3200
s303042,s303025,860
s303042,s303028,1234
s303042,s303038,1012
s303042,s303069,946
s303042,s303070,946
s303042,s303071,886
s303042,s303074,914
s303042,s303083,832
s303042,s304005,1423
s303042,s304019,1853
s303042,s304031,2168
s303042,s305004,2755
s303042,s305011,2756
s303042,s305029,2702
s303042,s305042,2549
s303042,s308005,5279
s303042,s308017,5670
s303042,s308020,5382
s303042,s308028,5024
s303042,s308032,4793
s303042,s308034,5120
s303042,s309012,6313
s303042,s309017,6026
s303042,s309018,6026
s303042,s309019,6122
s303042,s309029,5696
s303042,s309036,6359
s303042,s309045,5970
s303042,s310005,3317
s303042,s310009,4287
s303042,s310021,3407
s303052,s303001,76
s303052,s303002,76
s303052,s303005,1284
s303052,s303016,1130
s303052,s303024,762
s303052,s303025,762
s303052,s303028,1041
s303052,s303038,601
s303052,s303042,442
s303052,s303053,0
s303052,s303069,823
s303052,s303070,823
s303052,s303071,475
s303052,s303074,503
s303052,s303075,1179
s303052,s303077,601
s303052,s303078,601
s303052,s303083,734
s303052,s303116,1690
s303052,s304005,1230
s303052,s304009,1816
s303052,s304010,1709
s303052,s304011,1709
s303052,s304053,1765
s303052,s304046,2114
s303052,s304018,2114
s303052,s304019,1730
s303052,s304023,2028
s303052,s304026,2056
s303052,s304027,2056
s303052,s304031,2045
s303052,s305004,2632
s303052,s305011,2633
s303052,s305072,2661
s303052,s305070,2705
s303052,s305073,2705
s303052,s305029,2579
s303052,s305076,2624
s303052,s305036,2624
s303052,s305042,2426
s303052,s305046,1789
s303052,s305047,1789
s303052,s308005,5617
s303052,s308017,6008
s303052,s308020,5720
s303052,s308025,5474
s303052,s308028,5362
s303052,s308032,5131
s303052,s308034,5458
s303052,s309012,6658
s303052,s309017,6371
s303052,s309018,6371
s303052,s309019,6467
s303052,s309029,6041
s303052,s309036,6704
s303052,s309045,6315
s303052,s310005,3194
s303052,s310009,4164
s303052,s310021,3284
s303052,s310029,3107
s303052,s310032,3162
s303053,s303001,76
s303053,s303002,76
s303053,s303005,1284
s303053,s303016,1130
s303053,s303024,762
s303053,s303025,762
s303053,s303028,1041
s303053,s303038,601
s303053,s303042,442
s303053,s303069,823
s303053,s303070,823
s303053,s303071,475
s303053,s303074,503
s303053,s303075,1179
s303053,s303077,601
s303053,s303078,601
s303053,s303083,734
s303053,s303116,1690
s303053,s304005,1230
s303053,s304009,1816
s303053,s304010,1709
s303053,s304011,1709
s303053,s304053,1765
s303053,s304046,2114
s303053,s304018,2114
s303053,s304019,1730
s303053,s304023,2028
s303053,s304026,2056
s303053,s304027,2056
s303053,s304031,2045
s303053,s305004,2632
s303053,s305011,2633
s303053,s305072,2661
s303053,s305070,2705
s303053,s305073,2705
s303053,s305029,2579
s303053,s305076,2624
s303053,s305036,2624
s303053,s305042,2426
s303053,s305046,1789
s303053,s305047,1789
s303053,s308005,5617
s303053,s308017,6008
s303053,s308020,5720
s303053,s308025,5474
s303053,s308028,5362
s303053,s308032,5131
s303053,s308034,5458
s303053,s309012,6658
s303053,s309017,6371
s303053,s309018,6371
s303053,s309019,6467
s303053,s309029,6041
s303053,s309036,6704
s303053,s309045,6315
s303053,s310005,3194
s303053,s310009,4164
s303053,s310021,3284
s303053,s310029,3107
s303053,s310032,3162
s303069,s303070,0
s303069,s304005,946
s303069,s304019,929
s303069,s308005,5376
s303069,s308017,5767
s303069,s308020,5479
s303069,s308028,5121
s303069,s308032,4890
s303069,s308034,5217
s303069,s309036,7082
s303069,s310009,3364
s303070,s304005,946
s303070,s304019,929
s303070,s308005,5376
s303070,s308017,5767
s303070,s308020,5479
s303070,s308028,5121
s303070,s308032,4890
s303070,s308034,5217
s303070,s309036,7082
s303070,s310009,3364
s303071,s303025,552
s303071,s303028,831
s303071,s303038,127
s303071,s303069,613
s303071,s303070,613
s303071,s303083,524
s303071,s304005,1020
s303071,s304019,1520
s303071,s304031,1835
s303071,s305004,2422
s303071,s305011,2423
s303071,s305029,2369
s303071,s305042,2216
s303071,s308005,5407
s303071,s308017,5798
s303071,s308020,5510
s303071,s308028,5152
s303071,s308032,4921
s303071,s308034,5248
s303071,s309012,7067
s303071,s309017,6780
s303071,s309018,6780
s303071,s309019,6876
s303071,s309029,6423
s303071,s309036,7113
s303071,s309045,6707
s303071,s310005,2984
s303071,s310009,3954
s303071,s310021,3074
s303074,s303025,580
s303074,s303028,859
s303074,s303038,98
s303074,s303069,641
s303074,s303070,641
s303074,s303071,29
s303074,s303083,552
s303074,s304005,1048
s303074,s304019,1548
s303074,s304031,1863
s303074,s305004,2450
s303074,s305011,2451
s303074,s305029,2397
s303074,s305042,2244
s303074,s308005,5435
s303074,s308017,5826
s303074,s308020,5538
s303074,s308028,5180
s303074,s308032,4949
s303074,s308034,5276
s303074,s309012,7095
s303074,s309017,6808
s303074,s309018,6808
s303074,s309019,6904
s303074,s309029,6451
s303074,s309036,7141
s303074,s309045,6735
s303074,s310005,3012
s303074,s310009,3982
s303074,s310021,3102
s303075,s303001,1255
s303075,s303002,1255
s303075,s303005,1400
s303075,s303016,1246
s303075,s303024,596
s303075,s303025,596
s303075,s303028,1318
s303075,s303038,1095
s303075,s303042,1277
s303075,s303069,938
s303075,s303070,938
s303075,s303071,969
s303075,s303074,997
s303075,s303077,1095
s303075,s303078,1095
s303075,s303083,825
s303075,s303116,512
s303075,s304005,1507
s303075,s304009,1931
s303075,s304010,1824
s303075,s304011,1824
s303075,s304053,1880
s303075,s304046,2229
s303075,s304018,2229
s303075,s304019,1845
s303075,s304023,2143
s303075,s304026,2171
s303075,s304027,2171
s303075,s304031,2160
s303075,s305004,2760
s303075,s305011,2761
s303075,s305072,2789
s303075,s305070,2833
s303075,s305073,2833
s303075,s305029,2707
s303075,s305076,2752
s303075,s305036,2752
s303075,s305042,2554
s303075,s305046,2066
s303075,s305047,2066
s303075,s308005,4439
s303075,s308017,4830
s303075,s308020,4542
s303075,s308025,4296
s303075,s308028,4184
s303075,s308032,3953
s303075,s308034,4280
s303075,s309012,6099
s303075,s309017,5812
s303075,s309018,5812
s303075,s309019,5908
s303075,s309029,5455
s303075,s309036,6145
s303075,s309045,5739
s303075,s310005,3310
s303075,s310009,4280
s303075,s310021,3400
s303075,s310029,3223
s303075,s310032,3278
s303077,s303001,677
s303077,s303002,677
s303077,s303005,1200
s303077,s303016,1046
s303077,s303024,678
s303077,s303025,678
s303077,s303028,957
s303077,s303038,0
s303077,s303042,1012
s303077,s303069,739
s303077,s303070,739
s303077,s303071,114
s303077,s303074,87
s303077,s303078,0
s303077,s303083,650
s303077,s303116,1606
s303077,s304005,1146
s303077,s304009,1732
s303077,s304010,1625
s303077,s304011,1625
s303077,s304053,1681
s303077,s304046,2030
s303077,s304018,2030
s303077,s304019,1646
s303077,s304023,1944
s303077,s304026,1972
s303077,s304027,1972
s303077,s304031,1961
s303077,s305004,2548
s303077,s305011,2549
s303077,s305072,2577
s303077,s305070,2621
s303077,s305073,2621
s303077,s305029,2495
s303077,s305076,2540
s303077,s305036,2540
s303077,s305042,2342
s303077,s305046,1705
s303077,s305047,1705
s303077,s308005,5533
s303077,s308017,5924
s303077,s308020,5636
s303077,s308025,5390
s303077,s308028,5278
s303077,s308032,5047
s303077,s308034,5374
s303077,s309012,7193
s303077,s309017,6906
s303077,s309018,6906
s303077,s309019,7002
s303077,s309029,6549
s303077,s309036,7239
s303077,s309045,6833
s303077,s310005,3110
s303077,s310009,4080
s303077,s310021,3200
s303077,s310029,3023
s303077,s310032,3078
s303078,s303001,677
s303078,s303002,677
s303078,s303005,1200
s303078,s303016,1046
s303078,s303024,678
s303078,s303025,678
s303078,s303028,957
s303078,s303038,0
s303078,s303042,1012
s303078,s303069,739
s303078,s303070,739
s303078,s303071,114
s303078,s303074,87
s303078,s303083,650
s303078,s303116,1606
s303078,s304005,1146
s303078,s304009,1732
s303078,s304010,1625
s303078,s304011,1625
s303078,s304053,1681
s303078,s304046,2030
s303078,s304018,2030
s303078,s304019,1646
s303078,s304023,1944
s303078,s304026,1972
s303078,s304027,1972
s303078,s304031,1961
s303078,s305004,2548
s303078,s305011,2549
s303078,s305072,2577
s303078,s305070,2621
s303078,s305073,2621
s303078,s305029,2495
s303078,s305076,2540
s303078,s305036,2540
s303078,s305042,2342
s303078,s305046,1705
s303078,s305047,1705
s303078,s308005,5533
s303078,s308017,5924
s303078,s308020,5636
s303078,s308025,5390
s303078,s308028,5278
s303078,s308032,5047
s303078,s308034,5374
s303078,s309012,7193
s303078,s309017,6906
s303078,s309018,6906
s303078,s309019,7002
s303078,s309029,6549
s303078,s309036,7239
s303078,s309045,6833
s303078,s310005,3110
s303078,s310009,4080
s303078,s310021,3200
s303078,s310029,3023
s303078,s310032,3078
s303083,s303025,407
s303083,s303028,823
s303083,s303069,424
s303083,s303070,424
s303083,s304005,1011
s303083,s304019,1331
s303083,s305029,2193
s303083,s308005,5263
s303083,s308017,5654
s303083,s308020,5366
s303083,s308028,5008
s303083,s308032,4777
s303083,s308034,5104
s303083,s309036,6969
s303083,s310005,2796
s303083,s310009,3766
s303083,s310021,2886
s303116,s303001,1766
s303116,s303002,1766
s303116,s303005,1911
s303116,s303016,1757
s303116,s303024,1107
s303116,s303025,1107
s303116,s303028,1829
s303116,s303038,1606
s303116,s303042,1601
s303116,s303069,1449
s303116,s303070,1449
s303116,s303071,1480
s303116,s303074,1508
s303116,s303083,1336
s303116,s304005,2018
s303116,s304009,2442
s303116,s304010,2335
s303116,s304011,2335
s303116,s304053,2391
s303116,s304046,2740
s303116,s304018,2740
s303116,s304019,2356
s303116,s304023,2654
s303116,s304026,2682
s303116,s304027,2682
s303116,s304031,2671
s303116,s305004,3271
s303116,s305011,3272
s303116,s305072,3300
s303116,s305070,3344
s303116,s305073,3344
s303116,s305029,3218
s303116,s305076,3263
s303116,s305036,3263
s303116,s305042,3065
s303116,s305046,2577
s303116,s305047,2577
s303116,s308005,3927
s303116,s308017,4318
s303116,s308020,4030
s303116,s308025,3784
s303116,s308028,3672
s303116,s308032,3441
s303116,s308034,3768
s303116,s309012,5587
s303116,s309017,5300
s303116,s309018,5300
s303116,s309019,5396
s303116,s309029,4943
s303116,s309036,5633
s303116,s309045,5227
s303116,s310005,3821
s303116,s310009,4791
s303116,s310021,3911
s303116,s310029,3734
s303116,s310032,3789
s304005,s304019,1853
s304009,s303001,1892
s304009,s303002,1892
s304009,s303005,876
s304009,s303024,1514
s304009,s303025,1514
s304009,s303028,1751
s304009,s303038,1732
s304009,s303042,1939
s304009,s303069,1015
s304009,s303070,1015
s304009,s303071,1606
s304009,s303074,1634
s304009,s303083,1417
s304009,s304005,1939
s304009,s304010,216
s304009,s304011,216
s304009,s304046,516
s304009,s304018,516
s304009,s304019,237
s304009,s304026,458
s304009,s304027,458
s304009,s304031,447
s304009,s305004,3174
s304009,s305011,3175
s304009,s305072,3203
s304009,s305070,3247
s304009,s305073,3247
s304009,s305029,3121
s304009,s305076,3166
s304009,s305036,3166
s304009,s305042,2968
s304009,s305046,2498
s304009,s305047,2498
s304009,s308005,6369
s304009,s308017,6760
s304009,s308020,6472
s304009,s308025,6226
s304009,s308028,6114
s304009,s308032,5883
s304009,s308034,6210
s304009,s309012,8029
s304009,s309017,7742
s304009,s309018,7742
s304009,s309019,7838
s304009,s309029,7385
s304009,s309036,8075
s304009,s309045,7669
s304009,s310005,1597
s304009,s310009,2567
s304009,s310021,1687
s304009,s310029,1510
s304009,s310032,1565
s304010,s303005,769
s304010,s303025,1407
s304010,s303028,1644
s304010,s303038,1625
s304010,s303042,1832
s304010,s303069,908
s304010,s303070,908
s304010,s303071,1499
s304010,s303074,1527
s304010,s303083,1310
s304010,s304005,1832
s304010,s304011,0
s304010,s304019,22
s304010,s304031,444
s304010,s305004,3067
s304010,s305011,3068
s304010,s305029,3014
s304010,s305042,2861
s304010,s305046,2391
s304010,s305047,2391
s304010,s308005,6262
s304010,s308017,6653
s304010,s308020,6365
s304010,s308028,6007
s304010,s308032,5776
s304010,s308034,6103
s304010,s309012,7922
s304010,s309017,7635
s304010,s309018,7635
s304010,s309019,7731
s304010,s309029,7278
s304010,s309036,7968
s304010,s309045,7562
s304010,s310005,1594
s304010,s310009,2564
s304010,s310021,1684
s304010,s310029,1507
s304010,s310032,1562
s304011,s303005,769
s304011,s303025,1407
s304011,s303028,1644
s304011,s303038,1625
s304011,s303042,1832
s304011,s303069,908
s304011,s303070,908
s304011,s303071,1499
s304011,s303074,1527
s304011,s303083,1310
s304011,s304005,1832
s304011,s304019,22
s304011,s304031,444
s304011,s305004,3067
s304011,s305011,3068
s304011,s305029,3014
s304011,s305042,2861
s304011,s305046,2391
s304011,s305047,2391
s304011,s308005,6262
s304011,s308017,6653
s304011,s308020,6365
s304011,s308028,6007
s304011,s308032,5776
s304011,s308034,6103
s304011,s309012,7922
s304011,s309017,7635
s304011,s309018,7635
s304011,s309019,7731
s304011,s309029,7278
s304011,s309036,7968
s304011,s309045,7562
s304011,s310005,1594
s304011,s310009,2564
s304011,s310021,1684
s304011,s310029,1507
s304011,s310032,1562
s304053,s303001,1841
s304053,s303002,1841
s304053,s303005,825
s304053,s303024,1463
s304053,s303025,1463
s304053,s303028,1700
s304053,s303038,1681
s304053,s303042,1888
s304053,s303069,964
s304053,s303070,964
s304053,s303071,1555
s304053,s303074,1583
s304053,s303083,1366
s304053,s304005,1888
s304053,s304009,52
s304053,s304010,165
s304053,s304011,165
s304053,s304046,465
s304053,s304018,465
s304053,s304019,186
s304053,s304023,379
s304053,s304026,407
s304053,s304027,407
s304053,s304031,396
s304053,s305004,3123
s304053,s305011,3124
s304053,s305072,3152
s304053,s305070,3196
s304053,s305073,3196
s304053,s305029,3070
s304053,s305076,3115
s304053,s305036,3115
s304053,s305042,2917
s304053,s305046,2447
s304053,s305047,2447
s304053,s308005,6318
s304053,s308017,6709
s304053,s308020,6421
s304053,s308025,6175
s304053,s308028,6063
s304053,s308032,5832
s304053,s308034,6159
s304053,s309012,7978
s304053,s309017,7691
s304053,s309018,7691
s304053,s309019,7787
s304053,s309029,7334
s304053,s309036,8024
s304053,s309045,7618
s304053,s310005,1546
s304053,s310009,2516
s304053,s310021,1636
s304053,s310029,1459
s304053,s310032,1514
s304046,s303001,2190
s304046,s303002,2190
s304046,s303005,1174
s304046,s303024,1812
s304046,s303025,1812
s304046,s303028,2049
s304046,s303038,2030
s304046,s303042,2237
s304046,s303069,1313
s304046,s303070,1313
s304046,s303071,1904
s304046,s303074,1932
s304046,s303083,1715
s304046,s304005,2237
s304046,s304010,513
s304046,s304011,513
s304046,s304018,0
s304046,s304019,534
s304046,s304026,58
s304046,s304027,58
s304046,s304031,258
s304046,s305004,3472
s304046,s305011,3473
s304046,s305072,3501
s304046,s305070,3545
s304046,s305073,3545
s304046,s305029,3419
s304046,s305076,3464
s304046,s305036,3464
s304046,s305042,3266
s304046,s305046,2796
s304046,s305047,2796
s304046,s308005,6667
s304046,s308017,7058
s304046,s308020,6770
s304046,s308025,6524
s304046,s308028,6412
s304046,s308032,6181
s304046,s308034,6508
s304046,s309012,8327
s304046,s309017,8040
s304046,s309018,8040
s304046,s309019,8136
s304046,s309029,7683
s304046,s309036,8373
s304046,s309045,7967
s304046,s310005,1363
s304046,s310009,2333
s304046,s310021,1453
s304046,s310029,1276
s304046,s310032,1331
s304018,s303001,2190
s304018,s303002,2190
s304018,s303005,1174
s304018,s303024,1812
s304018,s303025,1812
s304018,s303028,2049
s304018,s303038,2030
s304018,s303042,2237
s304018,s303069,1313
s304018,s303070,1313
s304018,s303071,1904
s304018,s303074,1932
s304018,s303083,1715
s304018,s304005,2237
s304018,s304010,513
s304018,s304011,513
s304018,s304019,534
s304018,s304026,58
s304018,s304027,58
s304018,s304031,258
s304018,s305004,3472
s304018,s305011,3473
s304018,s305072,3501
s304018,s305070,3545
s304018,s305073,3545
s304018,s305029,3419
s304018,s305076,3464
s304018,s305036,3464
s304018,s305042,3266
s304018,s305046,2796
s304018,s305047,2796
s304018,s308005,6667
s304018,s308017,7058
s304018,s308020,6770
s304018,s308025,6524
s304018,s308028,6412
s304018,s308032,6181
s304018,s308034,6508
s304018,s309012,8327
s304018,s309017,8040
s304018,s309018,8040
s304018,s309019,8136
s304018,s309029,7683
s304018,s309036,8373
s304018,s309045,7967
s304018,s310005,1363
s304018,s310009,2333
s304018,s310021,1453
s304018,s310029,1276
s304018,s310032,1331
s304023,s303001,2104
s304023,s303002,2104
s304023,s303005,1088
s304023,s303024,1726
s304023,s303025,1726
s304023,s303028,1963
s304023,s303038,1944
s304023,s303042,2151
s304023,s303069,1227
s304023,s303070,1227
s304023,s303071,1818
s304023,s303074,1846
s304023,s303083,1629
s304023,s304005,2151
s304023,s304009,430
s304023,s304010,427
s304023,s304011,427
s304023,s304046,87
s304023,s304018,87
s304023,s304019,448
s304023,s304026,29
s304023,s304027,29
s304023,s304031,171
s304023,s305004,3386
s304023,s305011,3387
s304023,s305072,3415
s304023,s305070,3459
s304023,s305073,3459
s304023,s305029,3333
s304023,s305076,3378
s304023,s305036,3378
s304023,s305042,3180
s304023,s305046,2710
s304023,s305047,2710
s304023,s308005,6581
s304023,s308017,6972
s304023,s308020,6684
s304023,s308025,6438
s304023,s308028,6326
s304023,s308032,6095
s304023,s308034,6422
s304023,s309012,8241
s304023,s309017,7954
s304023,s309018,7954
s304023,s309019,8050
s304023,s309029,7597
s304023,s309036,8287
s304023,s309045,7881
s304023,s310005,1326
s304023,s310009,2296
s304023,s310021,1416
s304023,s310029,1239
s304023,s310032,1294
s304026,s303001,2132
s304026,s303002,2132
s304026,s303005,1116
s304026,s303024,1754
s304026,s303025,1754
s304026,s303028,1991
s304026,s303038,1972
s304026,s303042,2179
s304026,s303069,1255
s304026,s303070,1255
s304026,s303071,1846
s304026,s303074,1874
s304026,s303083,1657
s304026,s304005,2179
s304026,s304010,455
s304026,s304011,455
s304026,s304019,476
s304026,s304027,0
s304026,s304031,199
s304026,s305004,3414
s304026,s305011,3415
s304026,s305072,3443
s304026,s305070,3487
s304026,s305073,3487
s304026,s305029,3361
s304026,s305076,3406
s304026,s305036,3406
s304026,s305042,3208
s304026,s305046,2738
s304026,s305047,2738
s304026,s308005,6609
s304026,s308017,7000
s304026,s308020,6712
s304026,s308025,6466
s304026,s308028,6354
s304026,s308032,6123
s304026,s308034,6450
s304026,s309012,8269
s304026,s309017,7982
s304026,s309018,7982
s304026,s309019,8078
s304026,s309029,7625
s304026,s309036,8315
s304026,s309045,7909
s304026,s310005,1305
s304026,s310009,2275
s304026,s310021,1395
s304026,s310029,1218
s304026,s310032,1273
s304027,s303001,2132
s304027,s303002,2132
s304027,s303005,1116
s304027,s303024,1754
s304027,s303025,1754
s304027,s303028,1991
s304027,s303038,1972
s304027,s303042,2179
s304027,s303069,1255
s304027,s303070,1255
s304027,s303071,1846
s304027,s303074,1874
s304027,s303083,1657
s304027,s304005,2179
s304027,s304010,455
s304027,s304011,455
s304027,s304019,476
s304027,s304031,199
s304027,s305004,3414
s304027,s305011,3415
s304027,s305072,3443
s304027,s305070,3487
s304027,s305073,3487
s304027,s305029,3361
s304027,s305076,3406
s304027,s305036,3406
s304027,s305042,3208
s304027,s305046,2738
s304027,s305047,2738
s304027,s308005,6609
s304027,s308017,7000
s304027,s308020,6712
s304027,s308025,6466
s304027,s308028,6354
s304027,s308032,6123
s304027,s308034,6450
s304027,s309012,8269
s304027,s309017,7982
s304027,s309018,7982
s304027,s309019,8078
s304027,s309029,7625
s304027,s309036,8315
s304027,s309045,7909
s304027,s310005,1305
s304027,s310009,2275
s304027,s310021,1395
s304027,s310029,1218
s304027,s310032,1273
s304031,s303025,1743
s304031,s303028,1980
s304031,s303069,1244
s304031,s303070,1244
s304031,s303083,1646
s304031,s304005,2168
s304031,s304019,465
s304031,s305004,3403
s304031,s305011,3404
s304031,s305029,3350
s304031,s305042,3197
s304031,s308005,6598
s304031,s308017,6989
s304031,s308020,6701
s304031,s308028,6343
s304031,s308032,6112
s304031,s308034,6439
s304031,s309036,8304
s304031,s310005,1497
s304031,s310009,2467
s304031,s310021,1587
s305004,s303025,2343
s305004,s303028,2117
s305004,s303069,2181
s305004,s303070,2181
s305004,s303083,2246
s305004,s304005,2305
s305004,s304019,3088
s305004,s305029,400
s305004,s308005,7198
s305004,s308017,7589
s305004,s308020,7301
s305004,s308028,6943
s305004,s308032,6712
s305004,s308034,7039
s305004,s309036,8904
s305004,s310005,2594
s305004,s310009,3308
s305004,s310021,2505
s305011,s303025,2344
s305011,s303028,2118
s305011,s303069,2182
s305011,s303070,2182
s305011,s303083,2247
s305011,s304005,2306
s305011,s304019,3089
s305011,s305004,594
s305011,s305029,282
s305011,s308005,7199
s305011,s308017,7590
s305011,s308020,7302
s305011,s308028,6944
s305011,s308032,6713
s305011,s308034,7040
s305011,s309036,8905
s305011,s310005,2595
s305011,s310009,3309
s305011,s310021,2506
s305072,s303005,2671
s305072,s303024,2372
s305072,s303025,2372
s305072,s303028,2146
s305072,s303038,2577
s305072,s303042,2784
s305072,s303069,2210
s305072,s303070,2210
s305072,s303071,2451
s305072,s303074,2479
s305072,s303083,2275
s305072,s304005,2334
s305072,s304010,3096
s305072,s304011,3096
s305072,s304019,3117
s305072,s304031,3432
s305072,s305004,482
s305072,s305011,364
s305072,s305070,436
s305072,s305073,436
s305072,s305029,83
s305072,s305076,37
s305072,s305036,37
s305072,s305042,367
s305072,s305046,2893
s305072,s305047,2893
s305072,s308005,7227
s305072,s308017,7618
s305072,s308020,7330
s305072,s308028,6972
s305072,s308032,6741
s305072,s308034,7068
s305072,s309012,8887
s305072,s309017,8600
s305072,s309018,8600
s305072,s309019,8696
s305072,s309029,8243
s305072,s309036,8933
s305072,s309045,8527
s305072,s310005,2623
s305072,s310009,3337
s305072,s310021,2534
s305072,s310029,2637
s305072,s310032,2655
s305070,s303005,2715
s305070,s303025,2416
s305070,s303028,2190
s305070,s303038,2621
s305070,s303042,2828
s305070,s303069,2254
s305070,s303070,2254
s305070,s303071,2495
s305070,s303074,2523
s305070,s303083,2319
s305070,s304005,2378
s305070,s304010,3140
s305070,s304011,3140
s305070,s304019,3161
s305070,s304031,3476
s305070,s305004,666
s305070,s305011,203
s305070,s305073,0
s305070,s305029,354
s305070,s305042,541
s305070,s305046,2937
s305070,s305047,2937
s305070,s308005,7271
s305070,s308017,7662
s305070,s308020,7374
s305070,s308028,7016
s305070,s308032,6785
s305070,s308034,7112
s305070,s309012,8931
s305070,s309017,8644
s305070,s309018,8644
s305070,s309019,8740
s305070,s309029,8287
s305070,s309036,8977
s305070,s309045,8571
s305070,s310005,2667
s305070,s310009,3381
s305070,s310021,2578
s305070,s310029,2681
s305070,s310032,2699
s305073,s303005,2715
s305073,s303025,2416
s305073,s303028,2190
s305073,s303038,2621
s305073,s303042,2828
s305073,s303069,2254
s305073,s303070,2254
s305073,s303071,2495
s305073,s303074,2523
s305073,s303083,2319
s305073,s304005,2378
s305073,s304010,3140
s305073,s304011,3140
s305073,s304019,3161
s305073,s304031,3476
s305073,s305004,666
s305073,s305011,203
s305073,s305029,354
s305073,s305042,541
s305073,s305046,2937
s305073,s305047,2937
s305073,s308005,7271
s305073,s308017,7662
s305073,s308020,7374
s305073,s308028,7016
s305073,s308032,6785
s305073,s308034,7112
s305073,s309012,8931
s305073,s309017,8644
s305073,s309018,8644
s305073,s309019,8740
s305073,s309029,8287
s305073,s309036,8977
s305073,s309045,8571
s305073,s310005,2667
s305073,s310009,3381
s305073,s310021,2578
s305073,s310029,2681
s305073,s310032,2699
s305029,s303025,2290
s305029,s303028,2064
s305029,s303069,2128
s305029,s303070,2128
s305029,s304005,2252
s305029,s304019,3035
s305029,s308005,7145
s305029,s308017,7536
s305029,s308020,7248
s305029,s308028,6890
s305029,s308032,6659
s305029,s308034,6986
s305029,s309036,8851
s305029,s310009,3255
s305076,s303005,2634
s305076,s303024,2335
s305076,s303025,2335
s305076,s303028,2109
s305076,s303038,2540
s305076,s303042,2747
s305076,s303069,2173
s305076,s303070,2173
s305076,s303071,2414
s305076,s303074,2442
s305076,s303083,2238
s305076,s304005,2297
s305076,s304010,3059
s305076,s304011,3059
s305076,s304019,3080
s305076,s304031,3395
s305076,s305004,445
s305076,s305011,327
s305076,s305070,399
s305076,s305073,399
s305076,s305029,46
s305076,s305036,0
s305076,s305042,330
s305076,s305046,2856
s305076,s305047,2856
s305076,s308005,7190
s305076,s308017,7581
s305076,s308020,7293
s305076,s308028,6935
s305076,s308032,6704
s305076,s308034,7031
s305076,s309012,8850
s305076,s309017,8563
s305076,s309018,8563
s305076,s309019,8659
s305076,s309029,8206
s305076,s309036,8896
s305076,s309045,8490
s305076,s310005,2586
s305076,s310009,3300
s305076,s310021,2497
s305076,s310029,2600
s305076,s310032,2618
s305036,s303005,2634
s305036,s303024,2335
s305036,s303025,2335
s305036,s303028,2109
s305036,s303038,2540
s305036,s303042,2747
s305036,s303069,2173
s305036,s303070,2173
s305036,s303071,2414
s305036,s303074,2442
s305036,s303083,2238
s305036,s304005,2297
s305036,s304010,3059
s305036,s304011,3059
s305036,s304019,3080
s305036,s304031,3395
s305036,s305004,445
s305036,s305011,327
s305036,s305070,399
s305036,s305073,399
s305036,s305029,46
s305036,s305042,330
s305036,s305046,2856
s305036,s305047,2856
s305036,s308005,7190
s305036,s308017,7581
s305036,s308020,7293
s305036,s308028,6935
s305036,s308032,6704
s305036,s308034,7031
s305036,s309012,8850
s305036,s309017,8563
s305036,s309018,8563
s305036,s309019,8659
s305036,s309029,8206
s305036,s309036,8896
s305036,s309045,8490
s305036,s310005,2586
s305036,s310009,3300
s305036,s310021,2497
s305036,s310029,2600
s305036,s310032,2618
s305042,s303025,2137
s305042,s303028,1911
s305042,s303069,1975
s305042,s303070,1975
s305042,s303083,2040
s305042,s304005,2099
s305042,s304019,2882
s305042,s305004,207
s305042,s305011,469
s305042,s305029,285
s305042,s308005,6992
s305042,s308017,7383
s305042,s308020,7095
s305042,s308028,6737
s305042,s308032,6506
s305042,s308034,6833
s305042,s309036,8698
s305042,s310005,2388
s305042,s310009,3102
s305042,s310021,2299
s305046,s303005,1966
s305046,s303025,1649
s305046,s303028,799
s305046,s303038,1705
s305046,s303042,1982
s305046,s303069,1505
s305046,s303070,1505
s305046,s303071,1579
s305046,s303074,1607
s305046,s303083,1570
s305046,s304005,972
s305046,s304019,2412
s305046,s304031,2727
s305046,s305004,2864
s305046,s305011,2865
s305046,s305029,2811
s305046,s305042,2658
s305046,s305047,0
s305046,s308005,6504
s305046,s308017,6895
s305046,s308020,6607
s305046,s308028,6249
s305046,s308032,6018
s305046,s308034,6345
s305046,s309012,8164
s305046,s309017,7877
s305046,s309018,7877
s305046,s309019,7973
s305046,s309029,7520
s305046,s309036,8210
s305046,s309045,7804
s305046,s310005,3876
s305046,s310009,4590
s305046,s310021,3787
s305046,s310029,3789
s305046,s310032,3844
s305047,s303005,1966
s305047,s303025,1649
s305047,s303028,799
s305047,s303038,1705
s305047,s303042,1982
s305047,s303069,1505
s305047,s303070,1505
s305047,s303071,1579
s305047,s303074,1607
s305047,s303083,1570
s305047,s304005,972
s305047,s304019,2412
s305047,s304031,2727
s305047,s305004,2864
s305047,s305011,2865
s305047,s305029,2811
s305047,s305042,2658
s305047,s308005,6504
s305047,s308017,6895
s305047,s308020,6607
s305047,s308028,6249
s305047,s308032,6018
s305047,s308034,6345
s305047,s309012,8164
s305047,s309017,7877
s305047,s309018,7877
s305047,s309019,7973
s305047,s309029,7520
s305047,s309036,8210
s305047,s309045,7804
s305047,s310005,3876
s305047,s310009,4590
s305047,s310021,3787
s305047,s310029,3789
s305047,s310032,3844
s308005,s304005,5945
s308005,s304019,6283
s308005,s308017,1334
s308005,s308028,713
s308005,s308032,487
s308005,s309036,2334
s308017,s304005,6336
s308017,s304019,6674
s308017,s308028,1122
s308017,s308032,877
s308017,s309036,2514
s308020,s304005,6048
s308020,s304019,6386
s308020,s308005,1046
s308020,s308017,289
s308020,s308028,834
s308020,s308032,589
s308020,s308034,887
s308020,s309036,2304
s308025,s303001,5406
s308025,s303002,5406
s308025,s303005,5695
s308025,s303024,4891
s308025,s303025,4891
s308025,s303028,5613
s308025,s303038,5390
s308025,s303042,5136
s308025,s303069,5233
s308025,s303070,5233
s308025,s303071,5264
s308025,s303074,5292
s308025,s303083,5120
s308025,s304005,5802
s308025,s304010,6119
s308025,s304011,6119
s308025,s304019,6140
s308025,s304031,6455
s308025,s305004,7055
s308025,s305011,7056
s308025,s305072,7084
s308025,s305070,7128
s308025,s305073,7128
s308025,s305029,7002
s308025,s305076,7047
s308025,s305036,7047
s308025,s305042,6849
s308025,s305046,6361
s308025,s305047,6361
s308025,s308005,485
s308025,s308017,1191
s308025,s308020,903
s308025,s308028,569
s308025,s308032,343
s308025,s308034,16
s308025,s309012,1987
s308025,s309017,1700
s308025,s309018,1700
s308025,s309019,1796
s308025,s309029,1343
s308025,s309036,2033
s308025,s309045,1627
s308025,s310005,7605
s308025,s310009,8213
s308025,s310021,7695
s308025,s310029,7518
s308025,s310032,7573
s308028,s304005,5690
s308028,s304019,6028
s308028,s308032,274
s308028,s309036,2406
s308032,s304005,5459
s308032,s304019,5797
s308032,s309036,2192
s308034,s304005,5786
s308034,s304019,6124
s308034,s308005,469
s308034,s308017,1175
s308034,s308028,553
s308034,s308032,327
s308034,s309036,2017
s309012,s303025,6695
s309012,s303028,7417
s309012,s303038,7194
s309012,s303069,7037
s309012,s303070,7037
s309012,s303083,6924
s309012,s304005,7606
s309012,s304019,7944
s309012,s304031,8259
s309012,s305004,8859
s309012,s305011,8860
s309012,s305029,8806
s309012,s305042,8653
s309012,s308005,2289
s309012,s308017,2469
s309012,s308020,2259
s309012,s308028,2361
s309012,s308032,2147
s309012,s308034,1972
s309012,s309017,688
s309012,s309018,688
s309012,s309019,531
s309012,s309029,782
s309012,s309036,46
s309012,s309045,1002
s309012,s310005,9409
s309012,s310009,10017
s309012,s310021,9499
s309017,s303025,6409
s309017,s303028,7131
s309017,s303038,6908
s309017,s303069,6751
s309017,s303070,6751
s309017,s303083,6638
s309017,s304005,7320
s309017,s304019,7658
s309017,s304031,7973
s309017,s305004,8573
s309017,s305011,8574
s309017,s305029,8520
s309017,s305042,8367
s309017,s308005,2003
s309017,s308017,2183
s309017,s308020,1973
s309017,s308028,2075
s309017,s308032,1861
s309017,s308034,1686
s309017,s309018,0
s309017,s309029,496
s309017,s309036,735
s309017,s310005,9123
s309017,s310009,9731
s309017,s310021,9213
s309018,s303025,6409
s309018,s303028,7131
s309018,s303038,6908
s309018,s303069,6751
s309018,s303070,6751
s309018,s303083,6638
s309018,s304005,7320
s309018,s304019,7658
s309018,s304031,7973
s309018,s305004,8573
s309018,s305011,8574
s309018,s305029,8520
s309018,s305042,8367
s309018,s308005,2003
s309018,s308017,2183
s309018,s308020,1973
s309018,s308028,2075
s309018,s308032,1861
s309018,s308034,1686
s309018,s309029,496
s309018,s309036,735
s309018,s310005,9123
s309018,s310009,9731
s309018,s310021,9213
s309019,s303025,6504
s309019,s303028,7226
s309019,s303038,7003
s309019,s303069,6846
s309019,s303070,6846
s309019,s303083,6733
s309019,s304005,7415
s309019,s304019,7753
s309019,s304031,8068
s309019,s305004,8668
s309019,s305011,8669
s309019,s305029,8615
s309019,s305042,8462
s309019,s308005,2098
s309019,s308017,2278
s309019,s308020,2068
s309019,s308028,2170
s309019,s308032,1956
s309019,s308034,1781
s309019,s309017,497
s309019,s309018,497
s309019,s309029,591
s309019,s309036,577
s309019,s309045,811
s309019,s310005,9218
s309019,s310009,9826
s309019,s310021,9308
s309029,s303025,6050
s309029,s303028,6772
s309029,s303038,6549
s309029,s303069,6392
s309029,s303070,6392
s309029,s303083,6279
s309029,s304005,6961
s309029,s304019,7299
s309029,s304031,7614
s309029,s305004,8214
s309029,s305011,8215
s309029,s305029,8161
s309029,s305042,8008
s309029,s308005,1644
s309029,s308017,1825
s309029,s308020,1615
s309029,s308028,1717
s309029,s308032,1502
s309029,s308034,1327
s309029,s309036,828
s309029,s310005,8764
s309029,s310009,9372
s309029,s310021,8854
s309036,s304005,7652
s309036,s304019,7990
s309045,s303025,6334
s309045,s303028,7056
s309045,s303038,6833
s309045,s303069,6676
s309045,s303070,6676
s309045,s303083,6563
s309045,s304005,7245
s309045,s304019,7583
s309045,s304031,7898
s309045,s305004,8498
s309045,s305011,8499
s309045,s305029,8445
s309045,s305042,8292
s309045,s308005,1928
s309045,s308017,2109
s309045,s308020,1899
s309045,s308028,2001
s309045,s308032,1786
s309045,s308034,1611
s309045,s309017,715
s309045,s309018,715
s309045,s309029,414
s309045,s309036,1048
s309045,s310005,9048
s309045,s310009,9656
s309045,s310021,9138
s310005,s303025,2893
s310005,s303028,3129
s310005,s303069,2394
s310005,s303070,2394
s310005,s304005,3317
s310005,s304019,1615
s310005,s305029,2541
s310005,s308005,7748
s310005,s308017,8139
s310005,s308020,7851
s310005,s308028,7493
s310005,s308032,7262
s310005,s308034,7589
s310005,s309036,9454
s310005,s310009,970
s310005,s310021,90
s310009,s304005,4031
s310009,s304019,2585
s310009,s308005,8357
s310009,s308017,8747
s310009,s308020,8459
s310009,s308028,8102
s310009,s308032,7870
s310009,s308034,8197
s310009,s309036,10062
s310021,s303025,2983
s310021,s303028,3040
s310021,s303069,2484
s310021,s303070,2484
s310021,s304005,3228
s310021,s304019,1705
s310021,s305029,2452
s310021,s308005,7838
s310021,s308017,8229
s310021,s308020,7941
s310021,s308028,7583
s310021,s308032,7352
s310021,s308034,7679
s310021,s309036,9544
s310021,s310009,881
s310029,s303005,2167
s310029,s303025,2806
s310029,s303028,3042
s310029,s303038,3023
s310029,s303042,3230
s310029,s303069,2307
s310029,s303070,2307
s310029,s303071,2897
s310029,s303074,2925
s310029,s303083,2709
s310029,s304005,3230
s310029,s304019,1528
s310029,s304031,1410
s310029,s305004,2608
s310029,s305011,2609
s310029,s305029,2555
s310029,s305042,2402
s310029,s308005,7661
s310029,s308017,8052
s310029,s308020,7764
s310029,s308028,7406
s310029,s308032,7175
s310029,s308034,7502
s310029,s309012,9321
s310029,s309017,9034
s310029,s309018,9034
s310029,s309019,9130
s310029,s309029,8677
s310029,s309036,9367
s310029,s309045,8961
s310029,s310005,87
s310029,s310009,1057
s310029,s310021,177
s310032,s303005,2222
s310032,s303025,2861
s310032,s303028,3097
s310032,s303038,3078
s310032,s303042,3285
s310032,s303069,2362
s310032,s303070,2362
s310032,s303071,2952
s310032,s303074,2980
s310032,s303083,2764
s310032,s304005,3285
s310032,s304019,1583
s310032,s304031,1465
s310032,s305004,2626
s310032,s305011,2627
s310032,s305029,2573
s310032,s305042,2420
s310032,s308005,7716
s310032,s308017,8107
s310032,s308020,7819
s310032,s308028,7461
s310032,s308032,7230
s310032,s308034,7557
s310032,s309012,9376
s310032,s309017,9089
s310032,s309018,9089
s310032,s309019,9185
s310032,s309029,8732
s310032,s309036,9422
s310032,s309045,9016
s310032,s310005,33
s310032,s310009,1002
s310032,s310021,122
s310032,s310029,55
s305097,s303052,2617
s305097,s303053,2617
s305097,s303075,2745
s305097,s303077,2533
s305097,s303078,2533
s305097,s303116,3256
s305097,s303016,2473
s305097,s304053,3108
s305097,s304023,3371
s305097,s304009,3159
s305097,s304046,3457
s305097,s304018,3457
s305097,s304026,3399
s305097,s304027,3399
s305097,s308025,7040
s305097,s303001,2693
s305097,s303002,2693
s305097,s305072,467
s305097,s305036,430
s305097,s305076,430
s305097,s303024,2328
s305097,s305070,651
s305097,s305073,651
s305097,s304011,3052
s305097,s304010,3052
s305097,s305047,2849
s305097,s305046,2849
s305097,s310032,2611
s305097,s310029,2593
s305097,s303005,2627
s305097,s303042,2740
s305097,s303074,2435
s305097,s303071,2407
s305097,s309012,8843
s305097,s309019,8652
s305097,s309045,8483
s305097,s309017,8556
s305097,s309018,8556
s305097,s309029,8199
s305097,s303038,2533
s305097,s304031,3388
s305097,s305042,192
s305097,s305011,579
s305097,s305004,16
s305097,s303083,2231
s305097,s310005,2579
s305097,s310021,2490
s305097,s305029,385
s305097,s303025,2328
s305097,s303028,2102
s305097,s303069,2166
s305097,s303070,2166
s305097,s310009,3293
s305097,s308020,7286
s305097,s308034,7024
s305097,s308005,7183
s305097,s308017,7574
s305097,s308028,6928
s305097,s308032,6697
s305097,s309036,8889
s305097,s304005,2290
s305097,s304019,3073
